url,name
https://dl.coolrom.com.au/dl/41906/p8x8l1crRYTUBfaCpstW3A/1667346034/,God Hand
https://dl.coolrom.com.au/dl/41803/xibsSkEzAxLwnyxgUAaLJA/1667346191/,Mortal Kombat - Shaolin Monks
https://dl.coolrom.com.au/dl/44427/wU1w0pYGa9YuMVW1wGrpvg/1667346368/,Need For Speed - Most Wanted
https://dl.coolrom.com.au/dl/39123/vsHzWl8mLLVWA5Y_NkFPfQ/1667346504/,Crash Bandicoot
https://dl.coolrom.com.au/dl/41799/HDd9bjic-rTzjZnhaBbAUw/1667346347/,DragonBall Z - Budokai Tenkaich
https://dl.coolrom.com.au/dl/41972/9WdVtpMxErExAh6R5YOoPg/1671405785/,DragonBall Z - Budokai Tenkaich 2
https://dl.coolrom.com.au/dl/41799/36ccSQmf0wadxNtQOEm3CQ/1671405814/,DragonBall Z - Budokai Tenkaich 3
https://dl.coolrom.com.au/dl/41817/V0ya5cGjcHdnOP_tJ80Eqw/1671405657/,DragonBall Z - Budokai
https://dl.coolrom.com.au/dl/41818/J4e8vkR9_Y-XiGWZfWTfug/1671405702/,DragonBall Z - Budokai 2
https://dl.coolrom.com.au/dl/41815/a363WC7K7tgyZVvcnIbQ-w/1671405747/,DragonBall Z - Budokai 3
https://dl.coolrom.com.au/dl/41237/NCpbnXt5x8BixJb_cnRYGA/1671402948/,Crash Twinsanity
https://dl.coolrom.com.au/dl/41486/Wp7pVYuTI-Eg03dfMhzneg/1667255002/,Final Fantasy X
https://dl.coolrom.com.au/dl/41801/Grpi0-6oOZfrYb2i4ikc7g/1671406345/,Final Fantasy X-2
https://dl.coolrom.com.au/dl/41118/PrlK3NC-YXDtpB7gKcVGlQ/1671406504/,Final Fantasy XI - Wings of the Goddess
https://dl.coolrom.com.au/dl/41810/a6OSZBpeE0F9Zl8cwKHTuw/1671406546/,Final Fantasy XII
https://dl.coolrom.com.au/dl/41807/m4-lbF0y3as4QGwqfZpy7g/1667346970/,Grand Theft Auto - San Andreas
https://dl.coolrom.com.au/dl/41805/y-JBXskjp6PdWvMHQdWeLw/1667347019/,God of War II
https://dl.coolrom.com.au/dl/41800/Oy_l3-P3flPQXRODE-MCzA/1667347066/,Resident Evil 4
https://dl.coolrom.com.au/dl/41222/sC5ytF0c7oxktMH5i042Ag/1667347175/,Naruto Shippuden - Ultimate Ninja 4
https://dl.coolrom.com.au/dl/41793/4-ImgBPWSlJRVCF9uPg9zw/1667347223/,Naruto Shippuden - Ultimate Ninja 5
https://dl.coolrom.com.au/dl/41795/CY8F_dBdOhC9bDzhqpvb6w/1667347269/,God of War
https://dl.coolrom.com.au/dl/41508/WlT5qmIVelT0xneX4hqcTQ/1667347307/,DragonBall Z Budokai 3
https://dl.coolrom.com.au/dl/41696/fWBqjK8ft_PuD5DimnnzEA/1667347356/,DragonBall Z - infinite World
https://dl.coolrom.com.au/dl/41847/kC0sQsCCKQR2Ds1IRHg4Ww/1667347421/,Black
https://dl.coolrom.com.au/dl/41557/_SgJlsQLw4ArsMv29uyV7Q/1667347444/,Downhill Domination
https://dl.coolrom.com.au/dl/41827/SbZfizzypNjxwXNEut4EXQ/1667347505/,Bully
https://dl.coolrom.com.au/dl/41485/Bi0XyJitINW6339QRrlgtQ/1667347589/,Naruto - Ultimate Ninja 3
https://dl.coolrom.com.au/dl/41802/1mC1P6u_tJJxZJtqlsmrpA/1667347634/,WWE SmackDown! Here Comes the Pain
https://dl.coolrom.com.au/dl/41967/NOKteq2JKNV0MgOsyR60QA/1667347684/,Need for Speed - Underground 2
https://dl.coolrom.com.au/dl/41275/D3fR8CN_7JWIWtcXMpZ2-A/1667347747/,Ben 10 - Ultimate Alien Cosmic Destruction
https://dl.coolrom.com.au/dl/41424/Iv-Hc085fDic-A-lX--y_g/1667347799/,Pro Evolution Soccer 2011
https://dl.coolrom.com.au/dl/41688/2mF4XG1FH90oUGo_MnKbOA/1667347831/,Def Jam - Fight for NY
https://dl.coolrom.com.au/dl/41380/bM8A3VygfZyWFY0wTIrcVA/1667347866/,Call of Duty 3 - Special Edition
https://dl.coolrom.com.au/dl/42023/6fYFF23DuQCLCbxPvDAJEQ/1667347936/,Grand Theft Auto - Liberty City Stories
https://dl.coolrom.com.au/dl/42026/MkOGrxZcfdTGDAGCPnqgJg/1667347978/,Digimon Rumble Arena 2
https://dl.coolrom.com.au/dl/41444/YVOGB6C5pJuFT7ayJSEQEw/1667348245/,Kingdom Hearths II
https://dl.coolrom.com.au/dl/41614/sJw4hF7BAwAJo-rJlD95RA/1667348291/,Dynasty Warriors - Gundam 2
https://dl.coolrom.com.au/dl/41641/vqSavcsYm75S-7fXHYPxQw/1667348354/,Need for Speed - Carbon - Collector's Edition
https://dl.coolrom.com.au/dl/41509/VMtQq0V6hbQwM5QS4784yg/1667348494/,Mortal Combat - Armageddon - Kollectors Edition
https://dl.coolrom.com.au/dl/41425/4Ebql-mjlC1FA5JN4sSsRA/1667348983/,WWE SmackDown! - Shut Your Mouth
https://dl.coolrom.com.au/dl/41794/dQ1Nn2SZPJAT8Of0t8S_5g/1667349141/,Takken 5
https://dl.coolrom.com.au/dl/41133/5NpE0BSFD0HddHLDjZw0wg/1667349184/,FIFA Street 2
https://dl.coolrom.com.au/dl/45395/9Oa4dGbHGJjjGl-p4t6Hsw/1667349344/,Rumble Racing
https://dl.coolrom.com.au/dl/41874/rsch-OkHkQMv5xPtNwmCgg/1667349400/,Shadow of the Collossus
https://dl.coolrom.com.au/dl/41797/pOmdB-gtdMTw0EfCxpE2QA/1667349474/,WWE SmackDown vs. Raw 2011
https://dl.coolrom.com.au/dl/41972/ObSMBmsnE3gGWnAw7W3TnA/1667349537/,DragonBall Z - Budokai Tenkaichi 2
https://dl.coolrom.com.au/dl/41575/OpCVj9LwRLZ4lAKW-Va7ow/1667349600/,One Piece - Grand Adventure
https://dl.coolrom.com.au/dl/41879/dOjqqEIkwlbxjq6Hk-hF2w/1667349662/,Harverst Moon - A Wonderful Life - Special Edition
https://dl.coolrom.com.au/dl/41174/mFFILSfY8YcuVBu4Vr8QFw/1671415888/,Harvest Moon - Save the Homeland
https://dl.coolrom.com.au/dl/41985/Qq6Qzrbrm4QwO6liRECg3g/1667349799/,Mortal Kombat - Armageddon
https://dl.coolrom.com.au/dl/44416/t3h76Qo-WkTLUnM5HpHnKw/1667349841/,Sonic Unleashed
https://dl.coolrom.com.au/dl/41825/ancRVyGdOAHvGRZN3FOy1w/1667349890/,Burnout 3 - Takedown
https://dl.coolrom.com.au/dl/41849/IIKP5ZZ_-bzGiLBCIMXsKA/1667349936/,Need for Speed - Most Wanted - Black Edition
https://dl.coolrom.com.au/dl/45410/gtISU-A62iG7H9MukClaiQ/1667349999/,Takken Tag Tournament
https://dl.coolrom.com.au/dl/41555/dqyZVH51Ztkd6pbAPOuLHQ/1671402831/,Crash Bandicoot - The Wrath of Cortex
https://dl.coolrom.com.au/dl/41834/IyrpokzDXBgFf-aQbjPibw/1667350149/,Yu-Gi-Oh! The Duelists of the Roses
https://dl.coolrom.com.au/dl/41799/NTi-SAjwRGUOTyS8U6nrYQ/1667350260/,DragonBall Z - Budokai Tenkaichi 3
https://dl.coolrom.com.au/dl/44401/JFewPyJ7xq0_NtVPdD_qOw/1667350388/,Urban Reing
https://dl.coolrom.com.au/dl/41194/cmYp9-fU14UBNGJWDRH_6Q/1667350441/,Toy Story 3
https://dl.coolrom.com.au/dl/44992/OOq0Rq1Br0k5zHNAuC5nVg/1667350497/,Grand Theft Auto - Vice City Stories
https://dl.coolrom.com.au/dl/71038/uHFKIqP5E3uujan_3hSZ5w/1667350636/,Tomb Raider - Underworld
https://dl.coolrom.com.au/dl/71037/oYbT4O2GQKbuynWqQKnxkg/1667350683/,Resident Evil - Outbreak
https://dl.coolrom.com.au/dl/44404/MvHONDJhDbb_eBWK4vnZsA/1671412832/,Resident Evil - Dead Aim
https://dl.coolrom.com.au/dl/41963/LeKr8fkT2uFKx77TN_vJGg/1671412861/,Resident Evil - Code - Veronica X
https://dl.coolrom.com.au/dl/71036/HHI7nBz06KImwmMmsk8CoA/1667350791/,Red Dead Revolver
https://dl.coolrom.com.au/dl/54022/cF290i01pDl9lFRw0PipvQ/1667351745/,Auto Modelista
https://dl.coolrom.com.au/dl/71034/OJIzvdF9iOwvdB2BeaNmgg/1667350860/,One Piece - Pirates' Canival
https://dl.coolrom.com.au/dl/71035/Mg0pZNIRLYuEt8RiM0TI8A/1667351044/,Ratchet & Clank - Up Your Arsenal
https://dl.coolrom.com.au/dl/71033/wE7hEqLmObQ2owB0kwznRg/1667351170/,One Piece - Grand Battle
https://dl.coolrom.com.au/dl/71032/eUkWw2-XO9xT4WXm-OZ-IA/1667351331/,Spider-Man 2
https://dl.coolrom.com.au/dl/44423/aNwkeo9M7DOqnma3_0xpRw/1671413076/,Spider-Man - Friend or Foe
https://dl.coolrom.com.au/dl/41377/1fB0HIbHrib-7gInlU5D7Q/1671413106/,Spider-Man - Web of Shadows
https://dl.coolrom.com.au/dl/41856/m4_RPcT8kHxlRZ5_UF5RJg/1671413134/,Spider-Man 3
https://dl.coolrom.com.au/dl/71031/2DIt6BTv_S8VvQ4gI7Aneg/1667351362/,Pro Evolution 2013
https://dl.coolrom.com.au/dl/71029/BpfPGt0Yeng263fq31Do3w/1667351427/,Pro Evolution 2014
https://dl.coolrom.com.au/dl/71028/aIxfcjEgUNSv7jAUdftzkQ/1667351455/,The Warriors
https://dl.coolrom.com.au/dl/71027/87ESAmaS4gwRlFIyBz_Tlg/1667351521/,The Simpsons - Hit & Run
https://dl.coolrom.com.au/dl/70114/RtXTbhi6M7M80PqOC3m-IQ/1671407175/,FIFA 06
https://dl.coolrom.com.au/dl/70064/j-O66MngRofdB9GYve88eA/1671407204/,FIFA 07
https://dl.coolrom.com.au/dl/69993/hliun7ITOJsK6p5VNsp8-A/1671407228/,FIFA 08
https://dl.coolrom.com.au/dl/70077/45xCwwlbpYrvEydTuztMEA/1671407252/,FIFA 09
https://dl.coolrom.com.au/dl/70062/FPzHnagcYVnniKYElFFz6Q/1671407280/,FIFA 10
https://dl.coolrom.com.au/dl/70017/gHNE6BEJRotfgXcF5iCtqA/1671407315/,FIFA 11
https://dl.coolrom.com.au/dl/70020/L_aDxJdpIM5m5JOWrAntBA/1671407343/,FIFA 13
https://dl.coolrom.com.au/dl/71026/R3jKfk6GiQWkNloWx_UCWg/1667351604/,FIFA 14
https://dl.coolrom.com.au/dl/71025/5dhaKdVnkzkvV51Naz7YKg/1667351643/,Pro Evolution Soccer 2009
https://dl.coolrom.com.au/dl/71024/HCEqcTbQIpReH5s__Wqn_w/1667351672/,Prince of Persia - The Sands of Time
https://dl.coolrom.com.au/dl/41154/I6KZOg6UzgXLY_B6wuh_Xw/1671406629/,F1 2000 - Championship Edition
https://dl.coolrom.com.au/dl/41123/layTrOip6L6xQZ-hc30_jA/1671406655/,F1 2001
https://dl.coolrom.com.au/dl/41429/7zkyvKN2KSzGfp69WLddOQ/1667351919/,F1 2002
https://dl.coolrom.com.au/dl/41582/1wallAQEYmPU9ycrwxKKUg/1671406703/,F1 Carreer Challenge
https://dl.coolrom.com.au/dl/41301/rIIRRWz10Jh5yxPO3ALH2w/1667352012/,NASCAR '07
https://slave5t.wowroms.com/d/roms/g/EJ4aOiKrFJhqystOQJCn/k1/82f1edd47532d90/k2/a209c9b2c8c0266,Street Fighter EX3
https://dl.coolrom.com.au/dl/44419/HBUhHyz7IOoIHvQ7L-t_Lw/1671403041/,Gran Turismo 3 - A-spec
https://dl.coolrom.com.au/dl/41808/MdIc8jGtJMXki3UmFQrr7A/1671403093/,Gran Turismo 4
https://dl.coolrom.com.au/dl/70217/J-IGaS2rY-mvfnk6S4Cn6Q/1671403150/,Grand Theft Auto III
https://dl.coolrom.com.au/dl/70385/iylViFVqG4SKrtb_hZXCww/1671403221/,Half Life
https://dl.coolrom.com.au/dl/44425/Gwo2CuBHsUYnp1JL4IvW6w/1671403317/,Hitman - Blood Money
https://dl.coolrom.com.au/dl/70639/sqe-4TXe4aSjwFaLTpzrkw/1671403378/,Hitman - Contracts
https://dl.coolrom.com.au/dl/70633/zMx5qeriaefS3AyImsrLCg/1671403419/,Hitman 2 - Silent Assasin
https://dl.coolrom.com.au/dl/41403/IEAOWaM1g0LEt3rvuFR_ZA/1671403476/,Hot Wheels - Beat That
https://dl.coolrom.com.au/dl/41553/CymXReYX2xnaLI4nw1rjww/1671403544/,Hot Wheels - Stunt Track Challenge
https://dl.coolrom.com.au/dl/41679/NYO_6FeW0kU59LWtLsxSdg/1671403610/,Hot Wheels - Velocity
https://dl.coolrom.com.au/dl/41297/frg62bHneP3xfAxszFjINg/1671403655/,Hot Wheels - World Race
https://dl.coolrom.com.au/dl/41397/Bhos0diEScsgDT_EDWFRZA/1671403690/,The Hulk
https://dl.coolrom.com.au/dl/53902/a_QQCmkZTZUemjdXwcpOFA/1671403875/,Alvin and the Chipmunks
https://dl.coolrom.com.au/dl/54091/7L7uLphi7ul9zr5BIuUxuQ/1671403945/,Astro Boy
https://dl.coolrom.com.au/dl/41387/r4NAZLR6avHP9pLi5ccCxQ/1671403974/,MotoGP'08
https://dl.coolrom.com.au/dl/54088/ucK6uwERi11Yu5vjRmHpBg/1671404029/,Avatar - The Last Airbender
https://dl.coolrom.com.au/dl/54044/TwLfZE3lOoj52iataopPqg/1671404132/,Avatar - The Last Airbender - Into the Inferno
https://dl.coolrom.com.au/dl/54000/GCOc1LzfU1_bnqs338MDvw/1671404114/,Avatar - The Last Airbender - The Burning Earth
https://dl.coolrom.com.au/dl/41866/_qkmFj_b1HCdNlAJfDou7g/1671404263/,Battlefield 2 - Modern Combat
https://dl.coolrom.com.au/dl/54148/uevvT4zFXX2yKkfmZ1rSig/1671404320/,Blade II
https://dl.coolrom.com.au/dl/54117/G91PhzsOTxRGtsWcXOpFoQ/1671404354/,BMX XXX
https://dl.coolrom.com.au/dl/41827/iqUU7WBJAnnV4VJmRqOBcg/1671404389/,Bully
https://dl.coolrom.com.au/dl/41958/x3jxb98bRpNTAcjR8jfNWw/1671404424/,Burnout 
https://dl.coolrom.com.au/dl/41958/x3jxb98bRpNTAcjR8jfNWw/1671404424/,Burnout 2 - Point of Impact
https://dl.coolrom.com.au/dl/54293/B9Oftx8xXZ4JkAYy1YPmDw/1671404486/,Burnout Dominator
https://dl.coolrom.com.au/dl/44430/kHg6-0SD_3Bn2yU3Wkh7fg/1671404517/,Burnout Revenge
https://dl.coolrom.com.au/dl/54231/FbSE9kJKKZ0bXSlvkS4UqQ/1671404567/,Barbie The Island Princess
https://dl.coolrom.com.au/dl/54220/F6dsCOe6rvBdHeQJvwpCNA/1671404618/,Barbie Horse Adventures - Riding Camp
https://dl.coolrom.com.au/dl/41610/HgTIUpGonw_-LeG-KpRLQQ/1671404660/,Barbie Horse Adventures - Wild Horse Rescue
https://dl.coolrom.com.au/dl/41961/1GVyZvPVnFumyUTa6ykB2g/1671404724/,Batman Begins
https://dl.coolrom.com.au/dl/54464/sxlidChzl8bDWCuhPezIIg/1671404920/,Call of Duty - Finest Hour
https://dl.coolrom.com.au/dl/54391/4qWBCAt-zHpZTzTy671xWg/1671404970/,Call of Duty - World at War - Final Fronts 
https://dl.coolrom.com.au/dl/54472/QmBWXIlqxLHQ5cPZeq6xqw/1671405055/,Call of Duty - Big Red One
https://dl.coolrom.com.au/dl/41973/vmbVcbCZgUXbVJ3vgP6niw/1671405097/,Call of Duty 3
https://dl.coolrom.com.au/dl/41858/u5bEn5giLNClGBUKA9vywg/1671405193/,Crash Nitro Kart
https://dl.coolrom.com.au/dl/54544/4FQ8MDOANzeBgxVW0kYfSw/1671405232/,Crash of the Titans
https://dl.coolrom.com.au/dl/41844/qLNe_cCp74kpvEERdu3G6A/1671405261/,Crash Tag Team Racing
https://dl.coolrom.com.au/dl/54638/CrUBWn7hiSdcTkCd-qmlkg/1671405323/,Def Jam Vendetta
https://dl.coolrom.com.au/dl/41823/YvTflTZ8mvhu3Iwd1mF7sw/1671405366/,Devil May Cry
https://dl.coolrom.com.au/dl/41974/U8PLPCw7gkepFHVr7ciGtQ/1671405414/,Devil May Cry 2
https://dl.coolrom.com.au/dl/54720/AMXqg0WolH2UpPCPBQkhIQ/1671405481/,Devil May Cry 3 - Dante's Awakening
https://dl.coolrom.com.au/dl/41830/ve6wb4KXRbYj5k1SKCLPkw/1671405520/,Devil May Cry 3 - Dante's Awakening - Special Edition
https://dl.coolrom.com.au/dl/41111/hbEKZg3yQNSBPv66t03ZVA/1671406737/,Fallout - Brotherhood of Steel
https://dl.coolrom.com.au/dl/70132/tPidom4AJ3ipcwEUIsSJuw/1671407386/,Fight Club
https://dl.coolrom.com.au/dl/70074/pA5Stm5V1292FFYtp0lXJg/1671407439/,Fight Night 2004
https://dl.coolrom.com.au/dl/70122/AHIb3bRa8kBt1wZ-cvMG5g/1671407476/,Futurama
https://dl.coolrom.com.au/dl/41868/xU_4JgTsACdWlWkZjWK_yA/1671407520/,Ghost Rider
https://dl.coolrom.com.au/dl/70321/XZjiBxZ78WPL_7oCQNrD3Q/1671407572/,Guitar Hero
https://dl.coolrom.com.au/dl/41831/iWx3qW8nTrdGUEhwpvc1Iw/1671407601/,Guitar Hero II
https://dl.coolrom.com.au/dl/41910/grvd2-xWooO7pUcroSJm_A/1671407658/,Guitar Hero 5
https://dl.coolrom.com.au/dl/70188/2gJClADVVbkbhOH75Vg36Q/1671407632/,Gun
https://dl.coolrom.com.au/dl/41910/grvd2-xWooO7pUcroSJm_A/1671407658/,Ice Age - Dawn of the Dinosaurs
https://dl.coolrom.com.au/dl/70572/_Wk27tBisZ7Y-4izU-8TMw/1671407901/,Ice Age 2 - The Meltdown
https://dl.coolrom.com.au/dl/70457/AS_-60z-yCPHDCGM6m8m7w/1671407928/,ICO
https://dl.coolrom.com.au/dl/70554/IB3dxeDOgMqRkmGT6kCLMQ/1671408006/,The Incredible Hulk
https://dl.coolrom.com.au/dl/70599/87AI35JCtrR-jJCfZzGFLQ/1671408040/,The Incredible Hulk - Ultimate Destruction
https://dl.coolrom.com.au/dl/70427/nIPmD1Oe5u4tXD4fQVkqKA/1671408111/,In the Groove
https://dl.coolrom.com.au/dl/41328/_zVlWv4qz2-I0x82TQUOSA/1671408141/,In the Groove 2
https://dl.coolrom.com.au/dl/41409/8N-ZnsjF5WunwvVSLYURhw/1671408166/,Indiana Jone and the Emperor's tomb
https://dl.coolrom.com.au/dl/70489/_-N6nBfL1cuJ2BiA1FUPpg/1671408231/,Indiana Jones and the Staff of Kings
https://dl.coolrom.com.au/dl/44405/OQ0r5rG7R2DzHbADpvW0VQ/1671408264/,Iron Man
https://dl.coolrom.com.au/dl/41129/nb5nunFPP7tPFo553WWNfg/1671408313/,Jackass The Game
https://dl.coolrom.com.au/dl/41279/g0S0CjNywAuIsPJi9QZ-8Q/1671408357/,Jeep Thrills
https://dl.coolrom.com.au/dl/41312/2EhsqCtZxwcPVwz2mTvd4w/1671408410/,Jurassic - The Hunted
https://dl.coolrom.com.au/dl/41636/j1qUcLpXG95vzNB6EuuGMg/1671408453/,Jurassic Park - Operation Genesis
https://dl.coolrom.com.au/dl/70485/0Mdp5jMMh3_v-yZWjROPTQ/1671408492/,Just Cause
https://dl.coolrom.com.au/dl/44413/BojaUTZVjD2DbgiXVaDKMw/1671408516/,Justice League Heroes
https://dl.coolrom.com.au/dl/41525/g6DRzCw2BJrdXQm7EgHr3A/1671408583/,K1 World
https://dl.coolrom.com.au/dl/41525/g6DRzCw2BJrdXQm7EgHr3A/1671408583/,Kessen
https://dl.coolrom.com.au/dl/44384/_w-kimMPMWtIkgx-RTkxRA/1671408659/,Kessen II
https://dl.coolrom.com.au/dl/41201/pBYhlxgC-D5gvcg1SiJUDA/1671408722/,Kya - Dark Lineage
https://dl.coolrom.com.au/dl/70571/HvcM9MHf0eYpKyWewMgHJQ/1671408747/,Kung Fu Panda
https://dl.coolrom.com.au/dl/41471/MEnYUf6z-bRLkGtRNNp2BA/1671408904/,L.A Rush
https://dl.coolrom.com.au/dl/70661/n0kIWaRQ0FQsioZ-jN3U3w/1671408942/,Lara Croft Tomb Raider - Anniversary 
https://dl.coolrom.com.au/dl/70663/XHkyYlF5HAPTARi-QzSnVw/1671408971/,Lara Croft Tomb Raider
https://dl.coolrom.com.au/dl/70663/L-TOHje9rkiF3mZTULz98w/1671409028/,Lara Croft Tomb Raider - Legend
https://dl.coolrom.com.au/dl/70665/zWTVWDMeunJ3ygT95fnXbw/1671409065/,Lara Croft Tomb Raider - The Angel of Darkness
https://dl.coolrom.com.au/dl/41538/CBrE28NVFPxwjmMrV8_7dw/1671409103/,Le Mans - 24 Hours
https://dl.coolrom.com.au/dl/70686/HIBLFV74Coto9VjjWo4GDw/1671409146/,LEGO Batman - The Videogame 
https://dl.coolrom.com.au/dl/70687/jsLAtPaI9aeWdo5PbkpEYA/1671409205/,LEGO Indiana Jones - The Original Adventures
https://dl.coolrom.com.au/dl/41785/svLvD8ngEgpIo5cdafgYnw/1671409240/,LEGO Racers 2
https://dl.coolrom.com.au/dl/70690/hgSp4yUHggBAkYI7vmFZow/1671409270/,LEGO Star Wars - The Video Game
https://dl.coolrom.com.au/dl/70692/spZcLLIXzkJg-nK0TXkXJQ/1671409296/,LEGO Star Wars II - The Original Trilogy
https://dl.coolrom.com.au/dl/41993/lzqtsErmossRNUU50j4fAg/1671409324/,Leisure Suit Larry - Magna Cum Laude
https://dl.coolrom.com.au/dl/70738/FimeRqYgiLwbDcuoMr8BSw/1671409888/,Mace Griffin - Bounty Hunter
https://dl.coolrom.com.au/dl/41591/6IoN373JpCcy17-GFQYLPA/1671409784/,Madagascar
https://dl.coolrom.com.au/dl/41474/fm6Mmjzzp9w0DUNBv_obow/1671409815/,Madagascar - Escape 2 Africa
https://dl.coolrom.com.au/dl/70740/iz6C-8v7I1F8Xou1ZEoa0A/1671409966/,Madden NFL '06
https://dl.coolrom.com.au/dl/70743/iiLHzNGuLA_UCWXAF-Gr8Q/1671409998/,Madden NFL '07
https://dl.coolrom.com.au/dl/70744/ZTm482q7fLkzDZRsUCcMig/1671410025/,Madden NFL '08
https://dl.coolrom.com.au/dl/41290/fwSSNk8tE4VvYewdKTDRKQ/1671409849/,Madden NFL '09
https://dl.coolrom.com.au/dl/41245/ZShm4g3NDHgiu41ag6jryA/1671409918/,Madden NFL '10
https://dl.coolrom.com.au/dl/41708/w14XnAfo-UHEyqT1zkoK_g/1671409938/,Madden NFL '11
https://dl.coolrom.com.au/dl/41681/49jXKHzLQaxJXq9AA4ounQ/1671410076/,Made Man
https://dl.coolrom.com.au/dl/41115/bNAFA6qHlD4TAZSRutWfaA/1671410107/,Mafia
https://dl.coolrom.com.au/dl/70784/WLXq3gkgYmMisGb4Sb7mlA/1671410153/,Marvel - Ultimate Alliance
https://dl.coolrom.com.au/dl/41727/tzHXlT8WJDDO4lLfi9QPjQ/1671410188/,Marvel - Ultimate Alliance 2
https://dl.coolrom.com.au/dl/41727/tzHXlT8WJDDO4lLfi9QPjQ/1671410188/,Marvel Nemesis - Rise of the Imperfects
https://dl.coolrom.com.au/dl/70788/uXrHlp-Mif-tCKdMOysWqA/1671410254/,Marvel Super Hero Squad
https://dl.coolrom.com.au/dl/41917/GMtGex9jQxAELqZanncpQg/1671410304/,The Matrix - Path of Neo
https://dl.coolrom.com.au/dl/70824/83ftqwpmD-7CpsfR87Ac5A/1671410368/,Medal of Honor - European Assault
https://dl.coolrom.com.au/dl/70824/83ftqwpmD-7CpsfR87Ac5A/1671410368/,Medal of Honor - frontline
https://dl.coolrom.com.au/dl/70833/sq3K2ZS4G4ypSGm51mBRyQ/1671410469/,Medal of Honor - Rising Sun
https://dl.coolrom.com.au/dl/70835/RD3DBUOe1EvJbKj_PBZQhw/1671410515/,Medal of Honor - Vanguard
https://dl.coolrom.com.au/dl/41609/SO6J3KWWzf9wOLzZFj0fDw/1671410599/,Men in Black 2 - Alien Escape
https://dl.coolrom.com.au/dl/70850/Ag2T79S2Zm_R53EWxfNiuQ/1671410636/,Mercenaries - Playground of Destruction
https://dl.coolrom.com.au/dl/41904/zLaOKxv06_OoFOHvEWo2rA/1671410672/,Mercenaries 2 - World in Flames
https://dl.coolrom.com.au/dl/70867/kriK3iILYz5ju41mDpInNA/1671410715/,Metal Gear Solid 2 - Sons of Liberty
https://dl.coolrom.com.au/dl/41860/lWuqRhQK-D8TDdWT8z-mIw/1671410738/,Metal Gear Solid 2 - Substance
https://dl.coolrom.com.au/dl/41809/ggnZm37NmDDhWwe97M0_wA/1671410766/,Metal Gear Solid 3 - Snake Eater
https://dl.coolrom.com.au/dl/70900/O0TDkvcp_oog_Kv-e5dQJA/1671410852/,Midnight Club - Street Racing
https://dl.coolrom.com.au/dl/70904/kuNQLDJnogBEFmY3ciW5oA/1671410899/,Midnight Club II
https://dl.coolrom.com.au/dl/41472/wX8dyxPBg0cpwHI6PTDg1w/1671410967/,Monster Jam
https://dl.coolrom.com.au/dl/41407/_ci3R0LqArjXhT2Fg3bLJQ/1671411012/,Monster Jam - Urban Assault
https://dl.coolrom.com.au/dl/41203/FP8x102mRgskyFn9jVtjYg/1671411035/,Monster Jam - Maximum Destruction
https://dl.coolrom.com.au/dl/41875/TTKaU3bLQ_NqaB-GlY1PWA/1671411089/,Mortal Kombat - Deadly Alliance
https://dl.coolrom.com.au/dl/41981/oeQiaYLSegwiEPWnO2knyA/1671411118/,Mortal Kombat - Deception
https://dl.coolrom.com.au/dl/41521/doLW9VncpWBaXwUXtigqug/1671411188/,Moto GP 2
https://dl.coolrom.com.au/dl/41774/mep1YUXokMmOXaeBSJ4MmQ/1671411216/,Moto GP 3
https://dl.coolrom.com.au/dl/41774/mep1YUXokMmOXaeBSJ4MmQ/1671411216/,Moto GP 4
https://dl.coolrom.com.au/dl/70969/xmGRXjwcFsl277_qUz-gbA/1671411267/,Motocross Mania 3
https://dl.coolrom.com.au/dl/70976/hrU3dw71uT3zjLJXljtRbA/1671411295/,MotoGP
https://dl.coolrom.com.au/dl/41139/l2WJOUfg8MVKHKQzub6piA/1671411329/,MotoGP '07
https://dl.coolrom.com.au/dl/41387/DA-3SQvvqQW89SbxF1ZyvQ/1671411363/,MotoGP '08
https://dl.coolrom.com.au/dl/41384/hTAzH0ogAPw98sE4joX3IA/1671411409/,Mountain Bike Adrenaline
https://dl.coolrom.com.au/dl/41224/35L8Ji0rsNWu2VX15NN9pw/1671411440/,Motorstorm - Artic Edge 
https://dl.coolrom.com.au/dl/41224/35L8Ji0rsNWu2VX15NN9pw/1671411440/,MX 2002 featuring Ricky Carmichael
https://dl.coolrom.com.au/dl/41959/m7LYa4uy-D-mtsfwYKqc5A/1671411543/,musashi - Samurai Legend
https://dl.coolrom.com.au/dl/41861/SZzzwOZRrHhot0KJa6Dgog/1671411641/,Naruto - Ultimate Ninja 2
https://dl.coolrom.com.au/dl/41671/Ne59ACnybvuMvbhI9gRQNw/1671411674/,NASCAR '08
https://dl.coolrom.com.au/dl/41530/lgbqt0NBJ7qms1ElhoYf9A/1671411739/,NASCAR - Dirt to Daytona
https://dl.coolrom.com.au/dl/41462/5utAUgibGRgBD8pSRsbmaA/1671411760/,NASCAR - Thunder 2002
https://dl.coolrom.com.au/dl/41385/amNmRT9F4AkHUirGtahzPg/1671411792/,NASCAR 2005 - Chase for the Cup
https://dl.coolrom.com.au/dl/41439/Lqco7q5gRYOxWoCp9OvvLA/1671411848/,Nitrobike
https://dl.coolrom.com.au/dl/41435/_f4e7EbplSsWs4BHybtE4g/1671411879/,NBA '07 featuring The Life Vol.2
https://dl.coolrom.com.au/dl/41684/CdlnostFzgszLOvAY0vepA/1671411940/,NBA '08 featuring The Life Vol.3
https://dl.coolrom.com.au/dl/41265/bH7aGibN37CBkbkgHogiVg/1671411991/,NBA '09 - The Inside
https://dl.coolrom.com.au/dl/41782/RjAtGfFI5z74Y89guJ96eg/1671412012/,NBA 2K11
https://dl.coolrom.com.au/dl/44429/EhLDuLa8owASMoazvBYyxg/1671412075/,Need for Speed - Hot Pursuit 2
https://dl.coolrom.com.au/dl/44424/KtnMHRsnoa-6Ei0C0lR35w/1671412110/,Need for Speed - ProStreet
https://dl.coolrom.com.au/dl/41901/nRp8K3RsbnQxUOd4vRxNbw/1671412133/,Need for Speed - Undercover
https://dl.coolrom.com.au/dl/41967/wiAiFUAUa0ZYt4XVlFaGHA/1671412185/,Need for Speed - Underground 2
https://dl.coolrom.com.au/dl/41987/yrfksllkoa0Yh_b43eiRXw/1671412452/,Prince of Persia - The Two Thrones
https://dl.coolrom.com.au/dl/41907/1kH1DulfaGDDHzh15v9-DQ/1671412485/,Prince of Persia - Warrior Within
https://dl.coolrom.com.au/dl/41907/1kH1DulfaGDDHzh15v9-DQ/1671412485/,Pro Race Driver
https://dl.coolrom.com.au/dl/41717/A43q1wQRFK6P2BvwYWDt7A/1671412576/,Pro Evolution Soccer 2010
https://dl.coolrom.com.au/dl/41114/h9CQKTiNdKUNOTcsdqakXg/1671412637/,Rally Fusion - Race of Champions
https://dl.coolrom.com.au/dl/41751/JJ2jZjpde482MM3LsFdZTw/1671412763/,Reel Fishing 3
https://dl.coolrom.com.au/dl/42020/XsrpAk-__ATJxug3lZIUtA/1671412994/,Shadow of Destiny
https://dl.coolrom.com.au/dl/41355/Jxefg7fPbjQksscsCdBF6w/1671413029/,The Sims 2
https://dl.coolrom.com.au/dl/41432/JPvCXz9J4Vz1S2VeuLNYIg/1671413170/,SOCOM - U.S. Navy SEALs - Combined Assault (Demo)
https://dl.coolrom.com.au/dl/41246/5_7LDeumFdSz_cxPXp_j_w/1671413203/,SOCOM 3 - U.S. Navy SEALs (Demo)
https://dl.coolrom.com.au/dl/41791/Og3Vnk5WxT465JvNk6LD-A/1671413253/,SWAT - Global Strike Team
https://dl.coolrom.com.au/dl/41846/3r3q816FmBnbhS9vNuKr8g/1671413471/,Takken 4
https://dl.coolrom.com.au/dl/41537/_gBvOCGK-HMkQn61ot4ZPg/1671413575/,Tony Hawk's American Wasteland
https://dl.coolrom.com.au/dl/41318/F4GgaFywfcUbMzAyH9FaQg/1671413615/,Tony Hawk's Project 8 (Bonus)
https://dl.coolrom.com.au/dl/41287/buTDPtf-CrlhKKcweHWzyg/1671413649/,Top Gun - Combat Zone
https://dl.coolrom.com.au/dl/41199/cvMeyJX52yhtOMl1auhRlg/1671413696/,UFC - Ultimate Fighting Championship - Sudden Impact
https://dl.coolrom.com.au/dl/71023/IMLVbfxl2zu_WjVBgssBvg/1671413721/,Ultimate Spider-Man
https://dl.coolrom.com.au/dl/41166/JlTajVu0QIWBw3-Yqk9gMg/1671414953/,Warriors Orochi
https://dl.coolrom.com.au/dl/41331/BTPoAAUyzjq8jUfNs3u5fQ/1671414975/,Warriors Orochi 2
https://dl.coolrom.com.au/dl/45411/a2HpGAZLfpvui-7rk7S5Qw/1671415013/,Winning Eleven - Pro Evolution Soccer 2007
https://dl.coolrom.com.au/dl/41759/-EskKFGcoLeGTuYce7izAg/1671415049/,Worms 3D
https://dl.coolrom.com.au/dl/44395/wIpUPeE8g5lIJaLIDLzCrQ/1671415091/,World Soccer Winning Eleven 10 
https://dl.coolrom.com.au/dl/71028/Pe3tffc5udygI_VRjBRZUQ/1671415120/,The Warrior
https://dl.coolrom.com.au/dl/41418/4lzYt8aERVM70RHNZJXeyg/1671415142/,Wakeboarding Unleashed featuring Shaun Murray
https://dl.coolrom.com.au/dl/41863/2Cgf7Gvy5HTUZldkVFyo7Q/1671415208/,Yakuza
https://dl.coolrom.com.au/dl/41862/Dd9KBatM_Z_Um9HSjhYz_g/1671415235/,Yakuza 2
https://dl.coolrom.com.au/dl/41862/Dd9KBatM_Z_Um9HSjhYz_g/1671415235/,Yu-Gi-Oh! Capsule Monster Coliseum
https://dl.coolrom.com.au/dl/41877/JNS_XzWKSx0VPXlCzGSerw/1671415299/,Yu-Gi-Oh! GX - Tag Force Evolution
https://dl.coolrom.com.au/dl/41872/_I8ay-BRbIkXkFeUg8OccA/1671415320/,Yu-Gi-Oh! GX - The Beginning of Destiny
https://dl.coolrom.com.au/dl/41523/u5rmVvdsrXuRQM2zpoetAQ/1671415357/,Zapper - One Wicked Cricket
https://dl.coolrom.com.au/dl/41326/Z7ilAbfYeleUOzEJEA-6Aw/1671415381/,Zill O'll Infinite
https://dl.coolrom.com.au/dl/53885/2ORZsJcm-LjeW4cRhLoyQg/1671415418/,007 - Agent Under Fire
https://dl.coolrom.com.au/dl/53881/QFKyfQCGsS9p691NyVrE-w/1671415438/,007 - Everything or Nothing
https://dl.coolrom.com.au/dl/53924/OInVFFseCuROMjB0V0mJng/1671415461/,007 - From Russia with Love
https://dl.coolrom.com.au/dl/53896/OR0l0IHgIS-ZbmQ_9J4V2Q/1671415506/,007 - Nightfire
https://dl.coolrom.com.au/dl/53937/inj8zELM79HoXFcLKzjRhg/1671415539/,007 - Quantum of Solace
https://dl.coolrom.com.au/dl/53893/f01G1Iia6IUCqa8F_OyLNQ/1671415569/,8 Wheeler - American Pro Trucker.7z
https://dl.coolrom.com.au/dl/53903/iHQ9bYb9fluE7KiQ68jT8g/1671415596/,187 - Ride or Die
https://dl.coolrom.com.au/dl/53930/HQSj2C8yIcSEYqh1q6NKMA/1671415637/,4x4 Evolution
https://dl.coolrom.com.au/dl/53883/qAGp1lF_S9RuhhaftKCnog/1671415669/,7 Sins
https://dl.coolrom.com.au/dl/53856/VVZ-Ee8lp_9W_9StKfCE9w/1671415692/,7 Wonders of the Ancient World
https://dl.coolrom.com.au/dl/53939/KYcgL9GGGGHnZjCHYR7m2A/1671415734/,25 to Life
https://dl.coolrom.com.au/dl/44426/S4COC0U0SYphfNjavEWytg/1671415769/,50 Cent - Bulletproof
https://dl.coolrom.com.au/dl/41971/1rmP4JJYNNFBRZCOADNv2w/1671415839/,Ben 10 - Protector of Earth
https://dl.coolrom.com.au/dl/41449/rmp06LKtYH72pN9Od_8Wwg/1671415867/,Battlestar Galactica
https://dl.coolrom.com.au/dl/41174/mFFILSfY8YcuVBu4Vr8QFw/1671415888/,Playboy - The Mansion 
https://dl.coolrom.com.au/dl/54448/vF3z65uqhDV1SZbyvAM2HA/1671416043/,Crazy Golf
https://dl.coolrom.com.au/dl/54483/BbMnON6BJt5VRUKmGBZWnA/1671416079/,Cricket 07
https://dl.coolrom.com.au/dl/70325/FIcNuIsp_LDtJQOG6dBg3w/1671416116/,Golden Age of Racing
https://dl.coolrom.com.au/dl/70079/Z0VGOtfAIiUlG6yp9wcnHg/1671416157/,FlatOut 
https://dl.coolrom.com.au/dl/41804/SJP6F0DW63Kp7-HJoqDuFg/1671416185/,Shin Megami Tensei - Persona 4
https://dl.coolrom.com.au/dl/41796/JcDvIUZFrn1MLJT6Hoqmzg/1671416229/,Kingdom Hearts
https://dl.coolrom.com.au/dl/70473/oxrDKXaZRMFoSyNG7JMy7w/1671416280/,Jackie Chan Adventures
https://dl.coolrom.com.au/dl/41424/t6E_MdTG50CGkb68DhYA8Q/1671416344/,Pro Evolution Soccer 2011
https://dl.coolrom.com.au/dl/54401/EMCrQEJqwVAme9XZ_sg2NA/1671416375/,Cue Academy - Snooker Pool Billiards 
https://dl.coolrom.com.au/dl/54233/nCBVjQUs8dU7DuK15OSN-A/1671416401/,Bomberman Hardball
https://dl.coolrom.com.au/dl/53961/RBJfeeMWunI3Y9FNhVWOpQ/1671416480/,Action Girlz Racing
https://dl.coolrom.com.au/dl/53871/mkX-CtbNIFtYSjXyrBVBdQ/1671416516/,Aero Elite - Combat Academy
https://dl.coolrom.com.au/dl/53989/IrGNKFwgvb0aT8zOoIrVvg/1671416533/,Aeon Flux
https://dl.coolrom.com.au/dl/53880/492XNiQIR2vYIyCOpZ-xCw/1671416558/,Air Raid 3
https://dl.coolrom.com.au/dl/53981/OoVcUA4dV4XZsiC1spSqJQ/1671416585/,AirBlade
https://dl.coolrom.com.au/dl/53958/Rfu44RCy72bLnm3DdcM1BA/1671416632/,Alias
https://dl.coolrom.com.au/dl/53866/wGODBL1HdaN9ahwo0JAgNw/1671416663/,Alone in the Dark
https://dl.coolrom.com.au/dl/53915/icR9UP5ZDqcGK4d1sNfjHw/1671416689/,Alter Echo
https://dl.coolrom.com.au/dl/54056/bbn-uZoqOI5_5OV_tU6gpQ/1671416707/,American Chopper
https://dl.coolrom.com.au/dl/54056/bbn-uZoqOI5_5OV_tU6gpQ/1671416707/,Amplitude
https://dl.coolrom.com.au/dl/54086/9hxq2g6_UF42mc4bx_Xd0Q/1671416758/,Ape Escape