url,name
https://dl.coolrom.com.au/dl/45583/ujfUnvOEgerkTjhnTZj_WA/1671937275/,God of War - Ghost of Sparta
https://dl.coolrom.com.au/dl/45608/cPgfIvARmMoQ7gcRONFSyQ/1671937318/,Dragon Ball Z - Tenkaichi Tag Team
https://dl.coolrom.com.au/dl/45597/cjhFFAJIyC5VMU4nXOSfgQ/1671937465/,Grand Theft Auto - Vice City Stories
https://dl.coolrom.com.au/dl/45622/ArKBCJwW5aur-3WuvsmMqg/1671937493/,Dragon Ball Z - Shin Budokai
https://dl.coolrom.com.au/dl/45584/E5UOKZm2XRAzQg9gNQTLmg/1671937514/,Naruto Shippuden - Ultimate Ninja Impact
https://dl.coolrom.com.au/dl/47440/RC_SF3l2ClER6K21KVmZYg/1671937533/,Grand Theft Auto - Liberty City Stories
https://dl.coolrom.com.au/dl/45668/F5eRizsc0SG4I_rbZYjJ3w/1671937551/,God of War - Chains of Olympus 
https://dl.coolrom.com.au/dl/45602/GAMH-Gm5nesHzotwdGI80w/1671937568/,Assassin's Creed - Bloodlines
https://dl.coolrom.com.au/dl/45588/jaGymRMQCbQLEzjWfk4zrg/1671937586/,Tekken 6
https://dl.coolrom.com.au/dl/47277/HhlGYFNmeeKMJU9oBSgSSg/1672104682/,Ace Combat - Joint Assault
https://dl.coolrom.com.au/dl/47195/GKUyFTOUruXC-O56zTA0cg/1672104742/,Ace Combat X - Skies of Deception
https://dl.coolrom.com.au/dl/47693/fN4_hM4lsNMp47enlp-3Lg/1672104771/,Ace of War
https://dl.coolrom.com.au/dl/47324/Z3ORsEowMgpq7LFIiYRlfA/1672104838/,Asphalt - Urban GT 2
https://dl.coolrom.com.au/dl/45602/qn5_3OaerFFtKSqx9sXn0Q/1672104883/,Assassin's Creed - Bloodlines
https://dl.coolrom.com.au/dl/47667/mlN8NufBA4tgiAyhh3DfXg/1672104927/,AVT Offroad Fury Pro
https://dl.coolrom.com.au/dl/47456/UBl2DgFxevKb_CqgllJoGQ/1672104958/,Avatar - The Last Airbender
https://dl.coolrom.com.au/dl/47576/Zz3zSeMFyi_va58wJadeXg/1672104995/,Avatar - The Legend of Aang
https://dl.coolrom.com.au/dl/47281/NGQOgu8PPnIGtopc8gBXRw/1672105075/,Ben 10 - Alien Force
https://dl.coolrom.com.au/dl/47556/rlz_OZSIHFhqTD_UM7YA7w/1672105119/,Bomberman
https://dl.coolrom.com.au/dl/45670/OwjwTSMPtv2wByGYe4UEEQ/1672105144/,Burnout Dominator
https://dl.coolrom.com.au/dl/45667/cj94bbO2JOvxaTlnOTFmWw/1672105208/,Call of Duty - Roads to Victory
https://dl.coolrom.com.au/dl/45587/qNl7CzlHZkII-Fecj2862g/1672105472/,Crisis Core - Final Fantasy VII
https://dl.coolrom.com.au/dl/48205/4zPyvY27mYa-KwekzPpEsw/1672105256/,Cars
https://dl.coolrom.com.au/dl/48288/w55ztWm9kNzhfmQ6jB8SNg/1672105282/,Cars 2
https://dl.coolrom.com.au/dl/47352/58k7jvJtLzuoulCu0m2xhw/1672105331/,Crash - Mind Over Mutant
https://dl.coolrom.com.au/dl/47446/rn4ImAEjaOWor2KzYa5RPg/1672105380/,Crash of the Titans
https://dl.coolrom.com.au/dl/45643/bJ6XLqotsCMSvhhm8cdhFg/1672105406/,Crash Tag Team Racing
https://dl.coolrom.com.au/dl/48268/yK0K0Fj1oVZIYfyIs71BaQ/1672105504/,Crush
https://dl.coolrom.com.au/dl/48399/R4-2Z0sqItIWxW0pOKDV2Q/1672105922/,Daxter
https://dl.coolrom.com.au/dl/48234/0i2Y_HMQXJFGdHsI_IV26A/1672105529/,Cube
https://dl.coolrom.com.au/dl/45606/YuZAe8HLDZJqCPK1V-lyhA/1672105861/,Dante's Inferno
https://dl.coolrom.com.au/dl/48317/lS3uMmnmoAxPuFwG5zxz4Q/1672105896/,Darkstalkers Chronicle - The Chaos Tower
https://dl.coolrom.com.au/dl/48413/bs41J-gZR7HX43LFYl81PQ/1672105940/,Dead Head Fred
https://dl.coolrom.com.au/dl/48403/FM6C8YA9jPvq7-xzYJ5qfw/1672105977/,Death Jr.
https://dl.coolrom.com.au/dl/48401/qBLpkuksxUSr0bvDBylK8g/1672106011/,Despicable Me
https://dl.coolrom.com.au/dl/48361/NFbTuEap6Ijx7BRkbdH-5A/1672106047/,Disgaea Infinite
https://dl.coolrom.com.au/dl/45593/X5OteYfn2p9zxQUBP0_4xA/1672106073/,Dissidia - Final Fantasy
https://dl.coolrom.com.au/dl/45585/ar_M19huR-9zAn4thQtGwg/1672106124/,Dissidia 012 - Duodecim Final Fantasy
https://dl.coolrom.com.au/dl/47354/9RUh-50gG1GyHCfZjP3k4g/1672106167/,DJ Max Emotional Sense - Fever
https://dl.coolrom.com.au/dl/45623/6bwp8CI6QTVk5W6P2tyKvw/1672106233/,DJ Portable 3
https://dl.coolrom.com.au/dl/47448/asKDJlTdVndsSt4lKSp0xA/1672106257/,Dragon Ball Evolution
https://dl.coolrom.com.au/dl/48406/_8AypZNH2W-M3APydVszrw/1672106284/,Downstream Panic!
https://dl.coolrom.com.au/dl/47448/F4YFbrPJVsUUD5cQzqT1YA/1672106315/,Dragon Ball Evolution
https://dl.coolrom.com.au/dl/45622/ODV9j_vL8rIXznpw2nmaHA/1672106345/,Dragon Ball Z - Shin Budokai
https://dl.coolrom.com.au/dl/48347/wb5oS68QlIYkf360VntzBQ/1672106377/,Dragonner's Aria
https://dl.coolrom.com.au/dl/48373/XBZResXozDJ5xXlkmY6ZKA/1672106412/,DT Carnage
https://dl.coolrom.com.au/dl/48339/pUVTA5h1zh0SbYBVYvN7pw/1672106434/,Dungeon Maker - Hunting Ground
https://dl.coolrom.com.au/dl/48332/pP4MzO0AZdIFZFqjSvl5nQ/1672106474/,Dungeon Maker II The Hidden War
https://dl.coolrom.com.au/dl/47408/sQreEzM4VeveJuIt7b0mGQ/1672106533/,Dungeon Sigie - Throne of Agony
https://dl.coolrom.com.au/dl/47466/2Qt0TY43sW4JsHzzUXfREQ/1672106594/,Dynasty Warriors
https://dl.coolrom.com.au/dl/45619/rgSGXuRGg8t8sDAldxXeQQ/1672106616/,Dynasty Warriors - Strikeforce
https://dl.coolrom.com.au/dl/47325/Hu7UCyV9C_MMixepbNJaRw/1672106648/,Dynasty Warriors Vol. 2
https://dl.coolrom.com.au/dl/48446/d7gmvQ2FYL0NWvV_stEFJg/1672106743/,Exit
https://dl.coolrom.com.au/dl/48456/a11WRG4ex0JihTFk14OvcQ/1672106773/,Eragon
https://dl.coolrom.com.au/dl/48587/7y-AqQ-xi5evws6IztRmDQ/1672106808/,F1 2009
https://dl.coolrom.com.au/dl/48516/WaJxy4V1XdWy7cN3JMje3A/1672106824/,Fading Shadowns
https://dl.coolrom.com.au/dl/48573/8sFbKFLpeo9zy7QIVWM-KA/1672106850/,Family Guy
https://dl.coolrom.com.au/dl/48564/DYrQkPt0rmTeBX1HrVotiQ/1672106874/,The Fast and The Furious
https://dl.coolrom.com.au/dl/48505/QIv17_yksU41T-WFdVKRlQ/1672106904/,Fat Princess - Fistful of Cake
https://dl.coolrom.com.au/dl/45591/F699SDJ-HmIYOa4vMoZpqw/1672106977/,Fate Extra
https://dl.coolrom.com.au/dl/48479/-fMJuVoYc1CcdRxGe9I2zg/1672106998/,Field Commander
https://dl.coolrom.com.au/dl/48504/ezOlO9KrFhAfq9FEG7sRPg/1672107054/,FIFA 06 - Soccer
https://dl.coolrom.com.au/dl/48582/KU-ZAgW7ZVei1k4fyRlJ5w/1672107029/,FIFA 08
https://dl.coolrom.com.au/dl/48473/BZhnvLcJVPSFqO5rxdjTNw/1672107090/,FIFA Soccer
https://dl.coolrom.com.au/dl/48503/RL_i9C1oRQKc4jzZiNFx8A/1672107115/,FIFA Soccer 09
https://dl.coolrom.com.au/dl/48494/m7kbFu51V0CkEatQdUdGQg/1672107148/,FIFA Soccer 11
https://dl.coolrom.com.au/dl/48537/IkDgtacwSopsbEsxbOLwRQ/1672107167/,FIFA Soccer 12
https://dl.coolrom.com.au/dl/47289/TBWf3nA9V5ce5ppPPGDEpw/1672107188/,FIFA Street 2
https://dl.coolrom.com.au/dl/48547/PZ8V-EpbV3TQVMa11x-z8w/1672107216/,FIFA World Cup - Germany 2006
https://dl.coolrom.com.au/dl/47326/nvPbA85Lk0nVK-l42s1Nhg/1672107244/,Fight Night Round 3
https://dl.coolrom.com.au/dl/48550/c-Mb3XYP1aTimwwmgDAa8Q/1672107270/,Final Fantasy
https://dl.coolrom.com.au/dl/48487/zZMx7m70oxSLZgwYR7nHCw/1672107305/,Final Fantasy II
https://dl.coolrom.com.au/dl/48558/xeySX2W4TjdhfXAg7XGQMA/1672107331/,Final Fantasy III
https://dl.coolrom.com.au/dl/45644/bLizD8hw9cezxk4oTzLrAA/1672107365/,Final Fantasy iV - Complete Collection
https://dl.coolrom.com.au/dl/47356/ljMHn3WpTjoLB3ELM1D6kg/1672107428/,Final Fantasy Reishiki
https://dl.coolrom.com.au/dl/45603/mNq9YCKUuUB5dxtMtEUiQw/1672107464/,Final Fantasy Tatics - The War of the Lions
https://dl.coolrom.com.au/dl/48874/y4BXU1ckSYHkbf-hKIcYow/1672109877/,G-Force
https://dl.coolrom.com.au/dl/47311/Y513M2X7x8XL-qtVWLRqSQ/1672109907/,Gangs of London
https://dl.coolrom.com.au/dl/48845/tAUBmePdtG4C4tWkit-0iw/1672109937/,Generation of Chaos
https://dl.coolrom.com.au/dl/48776/dJpEi-6rcu7OIqArnR0qMQ/1672109987/,Ghost in the Shell - Stand Alone Complex
https://dl.coolrom.com.au/dl/47293/GP4_VHbd9vysOfjbepYjyw/1672110021/,Ghost Rider
https://dl.coolrom.com.au/dl/48782/9azogox2__3jMcfzZYgDFA/1672110041/,Gladiator Begins
https://dl.coolrom.com.au/dl/48797/TM9N5h_9OPbla70YMVnvsA/1672110083/,God of War - Koutan no Kokuin
https://dl.coolrom.com.au/dl/48806/kBeKEdiMP_19ZcCfhQUyjA/1672110121/,God of War - Rakujitsu no Hisoukyoku
https://dl.coolrom.com.au/dl/45582/yN76vCfoylaCQqxnQzG-7Q/1672110180/,Gods Eater Burst
https://dl.coolrom.com.au/dl/45626/wr_gyuz4If3An6Wweue41g/1672110225/,Gran Turismo
https://dl.coolrom.com.au/dl/45659/GM5JwtIcX30rMEGPgrlVrQ/1672110252/,Grand Theft Auto - Chinatown Wars
https://dl.coolrom.com.au/dl/47440/mVIfiaq0fQ4VGrJCTNVEIA/1672110294/,Grad Theft Auto - Liberty City Stories
https://dl.coolrom.com.au/dl/45597/7gK9ziH8w0o9GgQCqaITDw/1672110338/,Grand Theft Auto - Vice City Stories
https://dl.coolrom.com.au/dl/47362/rTzosuBBhalmfX8i8njetA/1672110715/,Harry Potter and the Goblet of Fire
https://dl.coolrom.com.au/dl/47364/DBjM-F_2PQTGLOXvO5R5xg/1672110734/,Harry Potter and the Half-Blood Prince
https://dl.coolrom.com.au/dl/48930/dFddPzeuwacuP3a6IeMYEA/1672110761/,Harry Potter and the Order of the Phoenix
https://dl.coolrom.com.au/dl/45649/wRf_eAiU7205SG90mhy1Tw/1672110782/,Harvest Moon - Boy & Girl
https://dl.coolrom.com.au/dl/45617/onZ3MJK60703Po8zONHE6A/1672110803/,Harvest Moon - Hero of Leaf Valley
https://dl.coolrom.com.au/dl/48898/HBV89-Q2SLAGtKCrw0SJmg/1672110828/,Heatseeker
https://dl.coolrom.com.au/dl/47323/VAtWA7U8mPn9qXEPjp-CHA/1672110860/,Hellboy - The Science of Evil
https://dl.coolrom.com.au/dl/45625/Pmc-JYDvt0ktQkMctboUjQ/1672110886/,Hexyz Force
https://dl.coolrom.com.au/dl/48915/YckAd3vFwNCLdyfiWBVi6Q/1672110939/,Hot Wheels Ultimate Racing
https://dl.coolrom.com.au/dl/49621/AacoolljZd1lLu5VpGFcLw/1672110973/,Indiana Jones and the Staff of Kings
https://dl.coolrom.com.au/dl/47221/aDa3H2ku05Xcy8yUhRNrYw/1672111003/,Innocent Life - A Futuristic Harvest Moon
https://dl.coolrom.com.au/dl/49643/jOal0jq0Asyzpq2OjZVvFw/1672111044/,Iron Man
https://dl.coolrom.com.au/dl/47395/hXnpy66cSE-6CJgHt_I1VA/1672111080/,Iron Man 2
https://dl.coolrom.com.au/dl/47459/QVSzoNsfm8hAXwp5BeGHyw/1672111136/,Jackass the Game
https://dl.coolrom.com.au/dl/47202/ojh9m4ZYiPeFfTLrZ1WPHg/1672111158/,Jask and Daxter - The Lost Frontier
https://dl.coolrom.com.au/dl/47384/t9lw4vqhSbr83hyfcJKFEA/1672111212/,Justice League Heroes